Country Name,Country Code,Series Name,Series Code,2020 [YR2020]
Afghanistan,AFG,"Death rate, crude (per 1,000 people)",SP.DYN.CDRT.IN,7.113
Afghanistan,AFG,"Population, total",SP.POP.TOTL,38972230
Africa Eastern and Southern,AFE,"Death rate, crude (per 1,000 people)",SP.DYN.CDRT.IN,7.620547330425
Africa Eastern and Southern,AFE,"Population, total",SP.POP.TOTL,685112705
Africa Western and Central,AFW,"Death rate, crude (per 1,000 people)",SP.DYN.CDRT.IN,10.6012972524141
Africa Western and Central,AFW,"Population, total",SP.POP.TOTL,466189102
Albania,ALB,"Death rate, crude (per 1,000 people)",SP.DYN.CDRT.IN,10.785
Albania,ALB,"Population, total",SP.POP.TOTL,2837849
Algeria,DZA,"Death rate, crude (per 1,000 people)",SP.DYN.CDRT.IN,5.398
Algeria,DZA,"Population, total",SP.POP.TOTL,43451666
American Samoa,ASM,"Death rate, crude (per 1,000 people)",SP.DYN.CDRT.IN,5.6
American Samoa,ASM,"Population, total",SP.POP.TOTL,46189
Andorra,AND,"Death rate, crude (per 1,000 people)",SP.DYN.CDRT.IN,..
Andorra,AND,"Population, total",SP.POP.TOTL,77700
Angola,AGO,"Death rate, crude (per 1,000 people)",SP.DYN.CDRT.IN,7.821
Angola,AGO,"Population, total",SP.POP.TOTL,33428486
Antigua and Barbuda,ATG,"Death rate, crude (per 1,000 people)",SP.DYN.CDRT.IN,5.961
Antigua and Barbuda,ATG,"Population, total",SP.POP.TOTL,92664
Arab World,ARB,"Death rate, crude (per 1,000 people)",SP.DYN.CDRT.IN,5.61610840015073
Arab World,ARB,"Population, total",SP.POP.TOTL,449228296
Argentina,ARG,"Death rate, crude (per 1,000 people)",SP.DYN.CDRT.IN,8.509
Argentina,ARG,"Population, total",SP.POP.TOTL,45376763
Armenia,ARM,"Death rate, crude (per 1,000 people)",SP.DYN.CDRT.IN,12.792
Armenia,ARM,"Population, total",SP.POP.TOTL,2805608
Aruba,ABW,"Death rate, crude (per 1,000 people)",SP.DYN.CDRT.IN,9.69
Aruba,ABW,"Population, total",SP.POP.TOTL,106585
Australia,AUS,"Death rate, crude (per 1,000 people)",SP.DYN.CDRT.IN,6.3
Australia,AUS,"Population, total",SP.POP.TOTL,25655289
Austria,AUT,"Death rate, crude (per 1,000 people)",SP.DYN.CDRT.IN,10.3
Austria,AUT,"Population, total",SP.POP.TOTL,8916864
Azerbaijan,AZE,"Death rate, crude (per 1,000 people)",SP.DYN.CDRT.IN,7.5
Azerbaijan,AZE,"Population, total",SP.POP.TOTL,10093121
"Bahamas, The",BHS,"Death rate, crude (per 1,000 people)",SP.DYN.CDRT.IN,8.076
"Bahamas, The",BHS,"Population, total",SP.POP.TOTL,406471
Bahrain,BHR,"Death rate, crude (per 1,000 people)",SP.DYN.CDRT.IN,2.239
Bahrain,BHR,"Population, total",SP.POP.TOTL,1477469
Bangladesh,BGD,"Death rate, crude (per 1,000 people)",SP.DYN.CDRT.IN,5.816
Bangladesh,BGD,"Population, total",SP.POP.TOTL,167420951
Barbados,BRB,"Death rate, crude (per 1,000 people)",SP.DYN.CDRT.IN,8.973
Barbados,BRB,"Population, total",SP.POP.TOTL,280693
Belarus,BLR,"Death rate, crude (per 1,000 people)",SP.DYN.CDRT.IN,13
Belarus,BLR,"Population, total",SP.POP.TOTL,9379952
Belgium,BEL,"Death rate, crude (per 1,000 people)",SP.DYN.CDRT.IN,11
Belgium,BEL,"Population, total",SP.POP.TOTL,11538604
Belize,BLZ,"Death rate, crude (per 1,000 people)",SP.DYN.CDRT.IN,5.244
Belize,BLZ,"Population, total",SP.POP.TOTL,394921
Benin,BEN,"Death rate, crude (per 1,000 people)",SP.DYN.CDRT.IN,9.364
Benin,BEN,"Population, total",SP.POP.TOTL,12643123
Bermuda,BMU,"Death rate, crude (per 1,000 people)",SP.DYN.CDRT.IN,8.8
Bermuda,BMU,"Population, total",SP.POP.TOTL,63893
Bhutan,BTN,"Death rate, crude (per 1,000 people)",SP.DYN.CDRT.IN,6.545
Bhutan,BTN,"Population, total",SP.POP.TOTL,772506
Bolivia,BOL,"Death rate, crude (per 1,000 people)",SP.DYN.CDRT.IN,9.3
Bolivia,BOL,"Population, total",SP.POP.TOTL,11936162
Bosnia and Herzegovina,BIH,"Death rate, crude (per 1,000 people)",SP.DYN.CDRT.IN,14.094
Bosnia and Herzegovina,BIH,"Population, total",SP.POP.TOTL,3318407
Botswana,BWA,"Death rate, crude (per 1,000 people)",SP.DYN.CDRT.IN,6.95
Botswana,BWA,"Population, total",SP.POP.TOTL,2546402
Brazil,BRA,"Death rate, crude (per 1,000 people)",SP.DYN.CDRT.IN,7.42
Brazil,BRA,"Population, total",SP.POP.TOTL,213196304
British Virgin Islands,VGB,"Death rate, crude (per 1,000 people)",SP.DYN.CDRT.IN,6.38
British Virgin Islands,VGB,"Population, total",SP.POP.TOTL,30910
Brunei Darussalam,BRN,"Death rate, crude (per 1,000 people)",SP.DYN.CDRT.IN,4.975
Brunei Darussalam,BRN,"Population, total",SP.POP.TOTL,441725
Bulgaria,BGR,"Death rate, crude (per 1,000 people)",SP.DYN.CDRT.IN,18
Bulgaria,BGR,"Population, total",SP.POP.TOTL,6934015
Burkina Faso,BFA,"Death rate, crude (per 1,000 people)",SP.DYN.CDRT.IN,8.813
Burkina Faso,BFA,"Population, total",SP.POP.TOTL,21522626
Burundi,BDI,"Death rate, crude (per 1,000 people)",SP.DYN.CDRT.IN,7.562
Burundi,BDI,"Population, total",SP.POP.TOTL,12220227
Cabo Verde,CPV,"Death rate, crude (per 1,000 people)",SP.DYN.CDRT.IN,5.692
Cabo Verde,CPV,"Population, total",SP.POP.TOTL,582640
Cambodia,KHM,"Death rate, crude (per 1,000 people)",SP.DYN.CDRT.IN,6.228
Cambodia,KHM,"Population, total",SP.POP.TOTL,16396860
Cameroon,CMR,"Death rate, crude (per 1,000 people)",SP.DYN.CDRT.IN,8.419
Cameroon,CMR,"Population, total",SP.POP.TOTL,26491087
Canada,CAN,"Death rate, crude (per 1,000 people)",SP.DYN.CDRT.IN,8.1
Canada,CAN,"Population, total",SP.POP.TOTL,38037204
Caribbean small states,CSS,"Death rate, crude (per 1,000 people)",SP.DYN.CDRT.IN,7.65821785808336
Caribbean small states,CSS,"Population, total",SP.POP.TOTL,7444768
Cayman Islands,CYM,"Death rate, crude (per 1,000 people)",SP.DYN.CDRT.IN,3.3
Cayman Islands,CYM,"Population, total",SP.POP.TOTL,67311
Central African Republic,CAF,"Death rate, crude (per 1,000 people)",SP.DYN.CDRT.IN,11.041
Central African Republic,CAF,"Population, total",SP.POP.TOTL,5343020
Central Europe and the Baltics,CEB,"Death rate, crude (per 1,000 people)",SP.DYN.CDRT.IN,13.6831912936414
Central Europe and the Baltics,CEB,"Population, total",SP.POP.TOTL,102180124
Chad,TCD,"Death rate, crude (per 1,000 people)",SP.DYN.CDRT.IN,12.486
Chad,TCD,"Population, total",SP.POP.TOTL,16644701
Channel Islands,CHI,"Death rate, crude (per 1,000 people)",SP.DYN.CDRT.IN,8.47393243061603
Channel Islands,CHI,"Population, total",SP.POP.TOTL,171113
Chile,CHL,"Death rate, crude (per 1,000 people)",SP.DYN.CDRT.IN,7.221
Chile,CHL,"Population, total",SP.POP.TOTL,19300315
China,CHN,"Death rate, crude (per 1,000 people)",SP.DYN.CDRT.IN,7.07
China,CHN,"Population, total",SP.POP.TOTL,1411100000
Colombia,COL,"Death rate, crude (per 1,000 people)",SP.DYN.CDRT.IN,6.606
Colombia,COL,"Population, total",SP.POP.TOTL,50930662
Comoros,COM,"Death rate, crude (per 1,000 people)",SP.DYN.CDRT.IN,8.274
Comoros,COM,"Population, total",SP.POP.TOTL,806166
"Congo, Dem. Rep.",COD,"Death rate, crude (per 1,000 people)",SP.DYN.CDRT.IN,9.537
"Congo, Dem. Rep.",COD,"Population, total",SP.POP.TOTL,92853164
"Congo, Rep.",COG,"Death rate, crude (per 1,000 people)",SP.DYN.CDRT.IN,6.923
"Congo, Rep.",COG,"Population, total",SP.POP.TOTL,5702174
Costa Rica,CRI,"Death rate, crude (per 1,000 people)",SP.DYN.CDRT.IN,5.627
Costa Rica,CRI,"Population, total",SP.POP.TOTL,5123105
Cote d'Ivoire,CIV,"Death rate, crude (per 1,000 people)",SP.DYN.CDRT.IN,8.817
Cote d'Ivoire,CIV,"Population, total",SP.POP.TOTL,26811790
Croatia,HRV,"Death rate, crude (per 1,000 people)",SP.DYN.CDRT.IN,14.1
Croatia,HRV,"Population, total",SP.POP.TOTL,4047680
Cuba,CUB,"Death rate, crude (per 1,000 people)",SP.DYN.CDRT.IN,10.23
Cuba,CUB,"Population, total",SP.POP.TOTL,11300698
Curacao,CUW,"Death rate, crude (per 1,000 people)",SP.DYN.CDRT.IN,9
Curacao,CUW,"Population, total",SP.POP.TOTL,154947
Cyprus,CYP,"Death rate, crude (per 1,000 people)",SP.DYN.CDRT.IN,6.93
Cyprus,CYP,"Population, total",SP.POP.TOTL,1237537
Czechia,CZE,"Death rate, crude (per 1,000 people)",SP.DYN.CDRT.IN,12.1
Czechia,CZE,"Population, total",SP.POP.TOTL,10697858
Denmark,DNK,"Death rate, crude (per 1,000 people)",SP.DYN.CDRT.IN,9.4
Denmark,DNK,"Population, total",SP.POP.TOTL,5831404
Djibouti,DJI,"Death rate, crude (per 1,000 people)",SP.DYN.CDRT.IN,8.821
Djibouti,DJI,"Population, total",SP.POP.TOTL,1090156
Dominica,DMA,"Death rate, crude (per 1,000 people)",SP.DYN.CDRT.IN,..
Dominica,DMA,"Population, total",SP.POP.TOTL,71995
Dominican Republic,DOM,"Death rate, crude (per 1,000 people)",SP.DYN.CDRT.IN,6.46
Dominican Republic,DOM,"Population, total",SP.POP.TOTL,10999664
Early-demographic dividend,EAR,"Death rate, crude (per 1,000 people)",SP.DYN.CDRT.IN,7.15549242393579
Early-demographic dividend,EAR,"Population, total",SP.POP.TOTL,3375134276
East Asia & Pacific,EAS,"Death rate, crude (per 1,000 people)",SP.DYN.CDRT.IN,7.38373766935123
East Asia & Pacific,EAS,"Population, total",SP.POP.TOTL,2363940425
East Asia & Pacific (excluding high income),EAP,"Death rate, crude (per 1,000 people)",SP.DYN.CDRT.IN,7.22466000365266
East Asia & Pacific (excluding high income),EAP,"Population, total",SP.POP.TOTL,2116424876
East Asia & Pacific (IDA & IBRD countries),TEA,"Death rate, crude (per 1,000 people)",SP.DYN.CDRT.IN,7.2017626552151
East Asia & Pacific (IDA & IBRD countries),TEA,"Population, total",SP.POP.TOTL,2090523535
Ecuador,ECU,"Death rate, crude (per 1,000 people)",SP.DYN.CDRT.IN,7.534
Ecuador,ECU,"Population, total",SP.POP.TOTL,17588595
"Egypt, Arab Rep.",EGY,"Death rate, crude (per 1,000 people)",SP.DYN.CDRT.IN,5.851
"Egypt, Arab Rep.",EGY,"Population, total",SP.POP.TOTL,107465134
El Salvador,SLV,"Death rate, crude (per 1,000 people)",SP.DYN.CDRT.IN,8.442
El Salvador,SLV,"Population, total",SP.POP.TOTL,6292731
Equatorial Guinea,GNQ,"Death rate, crude (per 1,000 people)",SP.DYN.CDRT.IN,9.026
Equatorial Guinea,GNQ,"Population, total",SP.POP.TOTL,1596049
Eritrea,ERI,"Death rate, crude (per 1,000 people)",SP.DYN.CDRT.IN,6.424
Eritrea,ERI,"Population, total",SP.POP.TOTL,3555868
Estonia,EST,"Death rate, crude (per 1,000 people)",SP.DYN.CDRT.IN,11.9
Estonia,EST,"Population, total",SP.POP.TOTL,1329522
Eswatini,SWZ,"Death rate, crude (per 1,000 people)",SP.DYN.CDRT.IN,9.603
Eswatini,SWZ,"Population, total",SP.POP.TOTL,1180655
Ethiopia,ETH,"Death rate, crude (per 1,000 people)",SP.DYN.CDRT.IN,6.616
Ethiopia,ETH,"Population, total",SP.POP.TOTL,117190911
Euro area,EMU,"Death rate, crude (per 1,000 people)",SP.DYN.CDRT.IN,11.1334854427858
Euro area,EMU,"Population, total",SP.POP.TOTL,342913447
Europe & Central Asia,ECS,"Death rate, crude (per 1,000 people)",SP.DYN.CDRT.IN,11.2647514137946
Europe & Central Asia,ECS,"Population, total",SP.POP.TOTL,923103879
Europe & Central Asia (excluding high income),ECA,"Death rate, crude (per 1,000 people)",SP.DYN.CDRT.IN,11.2465556798455
Europe & Central Asia (excluding high income),ECA,"Population, total",SP.POP.TOTL,400811771
Europe & Central Asia (IDA & IBRD countries),TEC,"Death rate, crude (per 1,000 people)",SP.DYN.CDRT.IN,11.5557632632911
Europe & Central Asia (IDA & IBRD countries),TEC,"Population, total",SP.POP.TOTL,462023771
European Union,EUU,"Death rate, crude (per 1,000 people)",SP.DYN.CDRT.IN,11.6104599633568
European Union,EUU,"Population, total",SP.POP.TOTL,447692315
Faroe Islands,FRO,"Death rate, crude (per 1,000 people)",SP.DYN.CDRT.IN,7
Faroe Islands,FRO,"Population, total",SP.POP.TOTL,52415
Fiji,FJI,"Death rate, crude (per 1,000 people)",SP.DYN.CDRT.IN,8.078
Fiji,FJI,"Population, total",SP.POP.TOTL,920422
Finland,FIN,"Death rate, crude (per 1,000 people)",SP.DYN.CDRT.IN,10
Finland,FIN,"Population, total",SP.POP.TOTL,5529543
Fragile and conflict affected situations,FCS,"Death rate, crude (per 1,000 people)",SP.DYN.CDRT.IN,9.27105460550124
Fragile and conflict affected situations,FCS,"Population, total",SP.POP.TOTL,979418527
France,FRA,"Death rate, crude (per 1,000 people)",SP.DYN.CDRT.IN,9.9
France,FRA,"Population, total",SP.POP.TOTL,67571107
French Polynesia,PYF,"Death rate, crude (per 1,000 people)",SP.DYN.CDRT.IN,3.859
French Polynesia,PYF,"Population, total",SP.POP.TOTL,301920
Gabon,GAB,"Death rate, crude (per 1,000 people)",SP.DYN.CDRT.IN,6.909
Gabon,GAB,"Population, total",SP.POP.TOTL,2292573
"Gambia, The",GMB,"Death rate, crude (per 1,000 people)",SP.DYN.CDRT.IN,7.373
"Gambia, The",GMB,"Population, total",SP.POP.TOTL,2573995
Georgia,GEO,"Death rate, crude (per 1,000 people)",SP.DYN.CDRT.IN,13.976
Georgia,GEO,"Population, total",SP.POP.TOTL,3722716
Germany,DEU,"Death rate, crude (per 1,000 people)",SP.DYN.CDRT.IN,11.9
Germany,DEU,"Population, total",SP.POP.TOTL,83160871
Ghana,GHA,"Death rate, crude (per 1,000 people)",SP.DYN.CDRT.IN,7.448
Ghana,GHA,"Population, total",SP.POP.TOTL,32180401
Gibraltar,GIB,"Death rate, crude (per 1,000 people)",SP.DYN.CDRT.IN,8.685
Gibraltar,GIB,"Population, total",SP.POP.TOTL,32709
Greece,GRC,"Death rate, crude (per 1,000 people)",SP.DYN.CDRT.IN,12.2
Greece,GRC,"Population, total",SP.POP.TOTL,10698599
Greenland,GRL,"Death rate, crude (per 1,000 people)",SP.DYN.CDRT.IN,9.2
Greenland,GRL,"Population, total",SP.POP.TOTL,56367
Grenada,GRD,"Death rate, crude (per 1,000 people)",SP.DYN.CDRT.IN,8.061
Grenada,GRD,"Population, total",SP.POP.TOTL,123663
Guam,GUM,"Death rate, crude (per 1,000 people)",SP.DYN.CDRT.IN,7.178
Guam,GUM,"Population, total",SP.POP.TOTL,169231
Guatemala,GTM,"Death rate, crude (per 1,000 people)",SP.DYN.CDRT.IN,5.337
Guatemala,GTM,"Population, total",SP.POP.TOTL,16858333
Guinea,GIN,"Death rate, crude (per 1,000 people)",SP.DYN.CDRT.IN,9.847
Guinea,GIN,"Population, total",SP.POP.TOTL,13205153
Guinea-Bissau,GNB,"Death rate, crude (per 1,000 people)",SP.DYN.CDRT.IN,8.574
Guinea-Bissau,GNB,"Population, total",SP.POP.TOTL,2015828
Guyana,GUY,"Death rate, crude (per 1,000 people)",SP.DYN.CDRT.IN,8.026
Guyana,GUY,"Population, total",SP.POP.TOTL,797202
Haiti,HTI,"Death rate, crude (per 1,000 people)",SP.DYN.CDRT.IN,8.176
Haiti,HTI,"Population, total",SP.POP.TOTL,11306801
Heavily indebted poor countries (HIPC),HPC,"Death rate, crude (per 1,000 people)",SP.DYN.CDRT.IN,7.71060152176083
Heavily indebted poor countries (HIPC),HPC,"Population, total",SP.POP.TOTL,838066650
High income,HIC,"Death rate, crude (per 1,000 people)",SP.DYN.CDRT.IN,9.86301211092248
High income,HIC,"Population, total",SP.POP.TOTL,1240900955
Honduras,HND,"Death rate, crude (per 1,000 people)",SP.DYN.CDRT.IN,4.945
Honduras,HND,"Population, total",SP.POP.TOTL,10121763
"Hong Kong SAR, China",HKG,"Death rate, crude (per 1,000 people)",SP.DYN.CDRT.IN,6.8
"Hong Kong SAR, China",HKG,"Population, total",SP.POP.TOTL,7481000
Hungary,HUN,"Death rate, crude (per 1,000 people)",SP.DYN.CDRT.IN,14.5
Hungary,HUN,"Population, total",SP.POP.TOTL,9750149
IBRD only,IBD,"Death rate, crude (per 1,000 people)",SP.DYN.CDRT.IN,..
IBRD only,IBD,"Population, total",SP.POP.TOTL,..
Iceland,ISL,"Death rate, crude (per 1,000 people)",SP.DYN.CDRT.IN,6.3
Iceland,ISL,"Population, total",SP.POP.TOTL,366463
IDA & IBRD total,IBT,"Death rate, crude (per 1,000 people)",SP.DYN.CDRT.IN,7.73291078722258
IDA & IBRD total,IBT,"Population, total",SP.POP.TOTL,6628067973
IDA blend,IDB,"Death rate, crude (per 1,000 people)",SP.DYN.CDRT.IN,..
IDA blend,IDB,"Population, total",SP.POP.TOTL,..
IDA only,IDX,"Death rate, crude (per 1,000 people)",SP.DYN.CDRT.IN,..
IDA only,IDX,"Population, total",SP.POP.TOTL,..
IDA total,IDA,"Death rate, crude (per 1,000 people)",SP.DYN.CDRT.IN,..
IDA total,IDA,"Population, total",SP.POP.TOTL,..
India,IND,"Death rate, crude (per 1,000 people)",SP.DYN.CDRT.IN,7.35
India,IND,"Population, total",SP.POP.TOTL,1396387127
Indonesia,IDN,"Death rate, crude (per 1,000 people)",SP.DYN.CDRT.IN,8.964
Indonesia,IDN,"Population, total",SP.POP.TOTL,271857970
"Iran, Islamic Rep.",IRN,"Death rate, crude (per 1,000 people)",SP.DYN.CDRT.IN,5.567
"Iran, Islamic Rep.",IRN,"Population, total",SP.POP.TOTL,87290193
Iraq,IRQ,"Death rate, crude (per 1,000 people)",SP.DYN.CDRT.IN,5.239
Iraq,IRQ,"Population, total",SP.POP.TOTL,42556984
Ireland,IRL,"Death rate, crude (per 1,000 people)",SP.DYN.CDRT.IN,6.4
Ireland,IRL,"Population, total",SP.POP.TOTL,4985382
Isle of Man,IMN,"Death rate, crude (per 1,000 people)",SP.DYN.CDRT.IN,10.414
Isle of Man,IMN,"Population, total",SP.POP.TOTL,84046
Israel,ISR,"Death rate, crude (per 1,000 people)",SP.DYN.CDRT.IN,5.3
Israel,ISR,"Population, total",SP.POP.TOTL,9215100
Italy,ITA,"Death rate, crude (per 1,000 people)",SP.DYN.CDRT.IN,12.6
Italy,ITA,"Population, total",SP.POP.TOTL,59438851
Jamaica,JAM,"Death rate, crude (per 1,000 people)",SP.DYN.CDRT.IN,7.583
Jamaica,JAM,"Population, total",SP.POP.TOTL,2820436
Japan,JPN,"Death rate, crude (per 1,000 people)",SP.DYN.CDRT.IN,11.1
Japan,JPN,"Population, total",SP.POP.TOTL,126261000
Jordan,JOR,"Death rate, crude (per 1,000 people)",SP.DYN.CDRT.IN,3.475
Jordan,JOR,"Population, total",SP.POP.TOTL,10928721
Kazakhstan,KAZ,"Death rate, crude (per 1,000 people)",SP.DYN.CDRT.IN,8.6
Kazakhstan,KAZ,"Population, total",SP.POP.TOTL,18755666
Kenya,KEN,"Death rate, crude (per 1,000 people)",SP.DYN.CDRT.IN,7.456
Kenya,KEN,"Population, total",SP.POP.TOTL,51985780
Kiribati,KIR,"Death rate, crude (per 1,000 people)",SP.DYN.CDRT.IN,6.242
Kiribati,KIR,"Population, total",SP.POP.TOTL,126463
"Korea, Dem. People's Rep.",PRK,"Death rate, crude (per 1,000 people)",SP.DYN.CDRT.IN,9.078
"Korea, Dem. People's Rep.",PRK,"Population, total",SP.POP.TOTL,25867467
"Korea, Rep.",KOR,"Death rate, crude (per 1,000 people)",SP.DYN.CDRT.IN,5.9
"Korea, Rep.",KOR,"Population, total",SP.POP.TOTL,51836239
Kosovo,XKX,"Death rate, crude (per 1,000 people)",SP.DYN.CDRT.IN,7.505
Kosovo,XKX,"Population, total",SP.POP.TOTL,1790133
Kuwait,KWT,"Death rate, crude (per 1,000 people)",SP.DYN.CDRT.IN,3.254
Kuwait,KWT,"Population, total",SP.POP.TOTL,4360444
Kyrgyz Republic,KGZ,"Death rate, crude (per 1,000 people)",SP.DYN.CDRT.IN,6.1
Kyrgyz Republic,KGZ,"Population, total",SP.POP.TOTL,6579900
Lao PDR,LAO,"Death rate, crude (per 1,000 people)",SP.DYN.CDRT.IN,6.366
Lao PDR,LAO,"Population, total",SP.POP.TOTL,7319399
Late-demographic dividend,LTE,"Death rate, crude (per 1,000 people)",SP.DYN.CDRT.IN,7.72211348113139
Late-demographic dividend,LTE,"Population, total",SP.POP.TOTL,2317277311
Latin America & Caribbean,LCN,"Death rate, crude (per 1,000 people)",SP.DYN.CDRT.IN,7.76545702484399
Latin America & Caribbean,LCN,"Population, total",SP.POP.TOTL,650534967
Latin America & Caribbean (excluding high income),LAC,"Death rate, crude (per 1,000 people)",SP.DYN.CDRT.IN,7.78634077953752
Latin America & Caribbean (excluding high income),LAC,"Population, total",SP.POP.TOTL,588808380
Latin America & the Caribbean (IDA & IBRD countries),TLA,"Death rate, crude (per 1,000 people)",SP.DYN.CDRT.IN,7.71123571425348
Latin America & the Caribbean (IDA & IBRD countries),TLA,"Population, total",SP.POP.TOTL,634680385
Latvia,LVA,"Death rate, crude (per 1,000 people)",SP.DYN.CDRT.IN,15.2
Latvia,LVA,"Population, total",SP.POP.TOTL,1900449
Least developed countries: UN classification,LDC,"Death rate, crude (per 1,000 people)",SP.DYN.CDRT.IN,7.41817909188736
Least developed countries: UN classification,LDC,"Population, total",SP.POP.TOTL,1073743450
Lebanon,LBN,"Death rate, crude (per 1,000 people)",SP.DYN.CDRT.IN,6.253
Lebanon,LBN,"Population, total",SP.POP.TOTL,5662923
Lesotho,LSO,"Death rate, crude (per 1,000 people)",SP.DYN.CDRT.IN,12.858
Lesotho,LSO,"Population, total",SP.POP.TOTL,2254100
Liberia,LBR,"Death rate, crude (per 1,000 people)",SP.DYN.CDRT.IN,8.753
Liberia,LBR,"Population, total",SP.POP.TOTL,5087584
Libya,LBY,"Death rate, crude (per 1,000 people)",SP.DYN.CDRT.IN,5.598
Libya,LBY,"Population, total",SP.POP.TOTL,6653942
Liechtenstein,LIE,"Death rate, crude (per 1,000 people)",SP.DYN.CDRT.IN,8.2
Liechtenstein,LIE,"Population, total",SP.POP.TOTL,38756
Lithuania,LTU,"Death rate, crude (per 1,000 people)",SP.DYN.CDRT.IN,15.6
Lithuania,LTU,"Population, total",SP.POP.TOTL,2794885
Low & middle income,LMY,"Death rate, crude (per 1,000 people)",SP.DYN.CDRT.IN,7.68737517544042
Low & middle income,LMY,"Population, total",SP.POP.TOTL,6551590116
Low income,LIC,"Death rate, crude (per 1,000 people)",SP.DYN.CDRT.IN,7.80140718878229
Low income,LIC,"Population, total",SP.POP.TOTL,699186538
Lower middle income,LMC,"Death rate, crude (per 1,000 people)",SP.DYN.CDRT.IN,7.60249708148355
Lower middle income,LMC,"Population, total",SP.POP.TOTL,3357118135
Luxembourg,LUX,"Death rate, crude (per 1,000 people)",SP.DYN.CDRT.IN,7.3
Luxembourg,LUX,"Population, total",SP.POP.TOTL,630419
"Macao SAR, China",MAC,"Death rate, crude (per 1,000 people)",SP.DYN.CDRT.IN,4.047
"Macao SAR, China",MAC,"Population, total",SP.POP.TOTL,676283
Madagascar,MDG,"Death rate, crude (per 1,000 people)",SP.DYN.CDRT.IN,6.801
Madagascar,MDG,"Population, total",SP.POP.TOTL,28225177
Malawi,MWI,"Death rate, crude (per 1,000 people)",SP.DYN.CDRT.IN,6.706
Malawi,MWI,"Population, total",SP.POP.TOTL,19377061
Malaysia,MYS,"Death rate, crude (per 1,000 people)",SP.DYN.CDRT.IN,5.311
Malaysia,MYS,"Population, total",SP.POP.TOTL,33199993
Maldives,MDV,"Death rate, crude (per 1,000 people)",SP.DYN.CDRT.IN,3.001
Maldives,MDV,"Population, total",SP.POP.TOTL,514438
Mali,MLI,"Death rate, crude (per 1,000 people)",SP.DYN.CDRT.IN,9.529
Mali,MLI,"Population, total",SP.POP.TOTL,21224040
Malta,MLT,"Death rate, crude (per 1,000 people)",SP.DYN.CDRT.IN,7.9
Malta,MLT,"Population, total",SP.POP.TOTL,515332
Marshall Islands,MHL,"Death rate, crude (per 1,000 people)",SP.DYN.CDRT.IN,..
Marshall Islands,MHL,"Population, total",SP.POP.TOTL,43413
Mauritania,MRT,"Death rate, crude (per 1,000 people)",SP.DYN.CDRT.IN,7.466
Mauritania,MRT,"Population, total",SP.POP.TOTL,4498604
Mauritius,MUS,"Death rate, crude (per 1,000 people)",SP.DYN.CDRT.IN,8.7
Mauritius,MUS,"Population, total",SP.POP.TOTL,1265740
Mexico,MEX,"Death rate, crude (per 1,000 people)",SP.DYN.CDRT.IN,9.33
Mexico,MEX,"Population, total",SP.POP.TOTL,125998302
"Micronesia, Fed. Sts.",FSM,"Death rate, crude (per 1,000 people)",SP.DYN.CDRT.IN,6.065
"Micronesia, Fed. Sts.",FSM,"Population, total",SP.POP.TOTL,112106
Middle East & North Africa,MEA,"Death rate, crude (per 1,000 people)",SP.DYN.CDRT.IN,5.28524017337296
Middle East & North Africa,MEA,"Population, total",SP.POP.TOTL,479966649
Middle East & North Africa (excluding high income),MNA,"Death rate, crude (per 1,000 people)",SP.DYN.CDRT.IN,5.65299678779145
Middle East & North Africa (excluding high income),MNA,"Population, total",SP.POP.TOTL,411810124
Middle East & North Africa (IDA & IBRD countries),TMN,"Death rate, crude (per 1,000 people)",SP.DYN.CDRT.IN,5.67853507678882
Middle East & North Africa (IDA & IBRD countries),TMN,"Population, total",SP.POP.TOTL,407006855
Middle income,MIC,"Death rate, crude (per 1,000 people)",SP.DYN.CDRT.IN,7.67375150443967
Middle income,MIC,"Population, total",SP.POP.TOTL,5852403578
Moldova,MDA,"Death rate, crude (per 1,000 people)",SP.DYN.CDRT.IN,14.445
Moldova,MDA,"Population, total",SP.POP.TOTL,2635130
Monaco,MCO,"Death rate, crude (per 1,000 people)",SP.DYN.CDRT.IN,..
Monaco,MCO,"Population, total",SP.POP.TOTL,36922
Mongolia,MNG,"Death rate, crude (per 1,000 people)",SP.DYN.CDRT.IN,5.475
Mongolia,MNG,"Population, total",SP.POP.TOTL,3294335
Montenegro,MNE,"Death rate, crude (per 1,000 people)",SP.DYN.CDRT.IN,11.7
Montenegro,MNE,"Population, total",SP.POP.TOTL,621306
Morocco,MAR,"Death rate, crude (per 1,000 people)",SP.DYN.CDRT.IN,6.073
Morocco,MAR,"Population, total",SP.POP.TOTL,36688772
Mozambique,MOZ,"Death rate, crude (per 1,000 people)",SP.DYN.CDRT.IN,8.004
Mozambique,MOZ,"Population, total",SP.POP.TOTL,31178239
Myanmar,MMR,"Death rate, crude (per 1,000 people)",SP.DYN.CDRT.IN,8.819
Myanmar,MMR,"Population, total",SP.POP.TOTL,53423198
Namibia,NAM,"Death rate, crude (per 1,000 people)",SP.DYN.CDRT.IN,8.475
Namibia,NAM,"Population, total",SP.POP.TOTL,2489098
Nauru,NRU,"Death rate, crude (per 1,000 people)",SP.DYN.CDRT.IN,..
Nauru,NRU,"Population, total",SP.POP.TOTL,12315
Nepal,NPL,"Death rate, crude (per 1,000 people)",SP.DYN.CDRT.IN,7.209
Nepal,NPL,"Population, total",SP.POP.TOTL,29348627
Netherlands,NLD,"Death rate, crude (per 1,000 people)",SP.DYN.CDRT.IN,9.7
Netherlands,NLD,"Population, total",SP.POP.TOTL,17441500
New Caledonia,NCL,"Death rate, crude (per 1,000 people)",SP.DYN.CDRT.IN,5.008
New Caledonia,NCL,"Population, total",SP.POP.TOTL,271130
New Zealand,NZL,"Death rate, crude (per 1,000 people)",SP.DYN.CDRT.IN,6.41
New Zealand,NZL,"Population, total",SP.POP.TOTL,5090200
Nicaragua,NIC,"Death rate, crude (per 1,000 people)",SP.DYN.CDRT.IN,5.703
Nicaragua,NIC,"Population, total",SP.POP.TOTL,6755895
Niger,NER,"Death rate, crude (per 1,000 people)",SP.DYN.CDRT.IN,8.281
Niger,NER,"Population, total",SP.POP.TOTL,24333639
Nigeria,NGA,"Death rate, crude (per 1,000 people)",SP.DYN.CDRT.IN,12.997
Nigeria,NGA,"Population, total",SP.POP.TOTL,208327405
North America,NAC,"Death rate, crude (per 1,000 people)",SP.DYN.CDRT.IN,10.0733301005421
North America,NAC,"Population, total",SP.POP.TOTL,369602177
North Macedonia,MKD,"Death rate, crude (per 1,000 people)",SP.DYN.CDRT.IN,12.4
North Macedonia,MKD,"Population, total",SP.POP.TOTL,2072531
Northern Mariana Islands,MNP,"Death rate, crude (per 1,000 people)",SP.DYN.CDRT.IN,..
Northern Mariana Islands,MNP,"Population, total",SP.POP.TOTL,49587
Norway,NOR,"Death rate, crude (per 1,000 people)",SP.DYN.CDRT.IN,7.5
Norway,NOR,"Population, total",SP.POP.TOTL,5379475
Not classified,INX,"Death rate, crude (per 1,000 people)",SP.DYN.CDRT.IN,..
Not classified,INX,"Population, total",SP.POP.TOTL,..
OECD members,OED,"Death rate, crude (per 1,000 people)",SP.DYN.CDRT.IN,9.78865613733515
OECD members,OED,"Population, total",SP.POP.TOTL,1370241530
Oman,OMN,"Death rate, crude (per 1,000 people)",SP.DYN.CDRT.IN,3.025
Oman,OMN,"Population, total",SP.POP.TOTL,4543399
Other small states,OSS,"Death rate, crude (per 1,000 people)",SP.DYN.CDRT.IN,7.4430601837363
Other small states,OSS,"Population, total",SP.POP.TOTL,32381190
Pacific island small states,PSS,"Death rate, crude (per 1,000 people)",SP.DYN.CDRT.IN,6.47048351095201
Pacific island small states,PSS,"Population, total",SP.POP.TOTL,2566819
Pakistan,PAK,"Death rate, crude (per 1,000 people)",SP.DYN.CDRT.IN,7.06
Pakistan,PAK,"Population, total",SP.POP.TOTL,227196741
Palau,PLW,"Death rate, crude (per 1,000 people)",SP.DYN.CDRT.IN,7.6
Palau,PLW,"Population, total",SP.POP.TOTL,17972
Panama,PAN,"Death rate, crude (per 1,000 people)",SP.DYN.CDRT.IN,5.747
Panama,PAN,"Population, total",SP.POP.TOTL,4294396
Papua New Guinea,PNG,"Death rate, crude (per 1,000 people)",SP.DYN.CDRT.IN,6.402
Papua New Guinea,PNG,"Population, total",SP.POP.TOTL,9749640
Paraguay,PRY,"Death rate, crude (per 1,000 people)",SP.DYN.CDRT.IN,5.916
Paraguay,PRY,"Population, total",SP.POP.TOTL,6618695
Peru,PER,"Death rate, crude (per 1,000 people)",SP.DYN.CDRT.IN,7.327
Peru,PER,"Population, total",SP.POP.TOTL,33304756
Philippines,PHL,"Death rate, crude (per 1,000 people)",SP.DYN.CDRT.IN,5.566
Philippines,PHL,"Population, total",SP.POP.TOTL,112190977
Poland,POL,"Death rate, crude (per 1,000 people)",SP.DYN.CDRT.IN,12.6
Poland,POL,"Population, total",SP.POP.TOTL,37899070
Portugal,PRT,"Death rate, crude (per 1,000 people)",SP.DYN.CDRT.IN,12
Portugal,PRT,"Population, total",SP.POP.TOTL,10297081
Post-demographic dividend,PST,"Death rate, crude (per 1,000 people)",SP.DYN.CDRT.IN,10.5508408866798
Post-demographic dividend,PST,"Population, total",SP.POP.TOTL,1117443485
Pre-demographic dividend,PRE,"Death rate, crude (per 1,000 people)",SP.DYN.CDRT.IN,8.92627655047726
Pre-demographic dividend,PRE,"Population, total",SP.POP.TOTL,984213438
Puerto Rico,PRI,"Death rate, crude (per 1,000 people)",SP.DYN.CDRT.IN,9.6
Puerto Rico,PRI,"Population, total",SP.POP.TOTL,3281538
Qatar,QAT,"Death rate, crude (per 1,000 people)",SP.DYN.CDRT.IN,1.219
Qatar,QAT,"Population, total",SP.POP.TOTL,2760385
Romania,ROU,"Death rate, crude (per 1,000 people)",SP.DYN.CDRT.IN,15.4
Romania,ROU,"Population, total",SP.POP.TOTL,19265250
Russian Federation,RUS,"Death rate, crude (per 1,000 people)",SP.DYN.CDRT.IN,14.6
Russian Federation,RUS,"Population, total",SP.POP.TOTL,144073139
Rwanda,RWA,"Death rate, crude (per 1,000 people)",SP.DYN.CDRT.IN,5.998
Rwanda,RWA,"Population, total",SP.POP.TOTL,13146362
Samoa,WSM,"Death rate, crude (per 1,000 people)",SP.DYN.CDRT.IN,5.305
Samoa,WSM,"Population, total",SP.POP.TOTL,214929
San Marino,SMR,"Death rate, crude (per 1,000 people)",SP.DYN.CDRT.IN,9.9
San Marino,SMR,"Population, total",SP.POP.TOTL,34007
Sao Tome and Principe,STP,"Death rate, crude (per 1,000 people)",SP.DYN.CDRT.IN,6.294
Sao Tome and Principe,STP,"Population, total",SP.POP.TOTL,218641
Saudi Arabia,SAU,"Death rate, crude (per 1,000 people)",SP.DYN.CDRT.IN,2.913
Saudi Arabia,SAU,"Population, total",SP.POP.TOTL,35997107
Senegal,SEN,"Death rate, crude (per 1,000 people)",SP.DYN.CDRT.IN,5.584
Senegal,SEN,"Population, total",SP.POP.TOTL,16436120
Serbia,SRB,"Death rate, crude (per 1,000 people)",SP.DYN.CDRT.IN,16.9
Serbia,SRB,"Population, total",SP.POP.TOTL,6899126
Seychelles,SYC,"Death rate, crude (per 1,000 people)",SP.DYN.CDRT.IN,6.8
Seychelles,SYC,"Population, total",SP.POP.TOTL,98462
Sierra Leone,SLE,"Death rate, crude (per 1,000 people)",SP.DYN.CDRT.IN,9.296
Sierra Leone,SLE,"Population, total",SP.POP.TOTL,8233970
Singapore,SGP,"Death rate, crude (per 1,000 people)",SP.DYN.CDRT.IN,5.2
Singapore,SGP,"Population, total",SP.POP.TOTL,5685807
Sint Maarten (Dutch part),SXM,"Death rate, crude (per 1,000 people)",SP.DYN.CDRT.IN,..
Sint Maarten (Dutch part),SXM,"Population, total",SP.POP.TOTL,42310
Slovak Republic,SVK,"Death rate, crude (per 1,000 people)",SP.DYN.CDRT.IN,10.8
Slovak Republic,SVK,"Population, total",SP.POP.TOTL,5458827
Slovenia,SVN,"Death rate, crude (per 1,000 people)",SP.DYN.CDRT.IN,11.4
Slovenia,SVN,"Population, total",SP.POP.TOTL,2102419
Small states,SST,"Death rate, crude (per 1,000 people)",SP.DYN.CDRT.IN,7.42254328469969
Small states,SST,"Population, total",SP.POP.TOTL,42392777
Solomon Islands,SLB,"Death rate, crude (per 1,000 people)",SP.DYN.CDRT.IN,5.082
Solomon Islands,SLB,"Population, total",SP.POP.TOTL,691191
Somalia,SOM,"Death rate, crude (per 1,000 people)",SP.DYN.CDRT.IN,11.39
Somalia,SOM,"Population, total",SP.POP.TOTL,16537016
South Africa,ZAF,"Death rate, crude (per 1,000 people)",SP.DYN.CDRT.IN,9.425
South Africa,ZAF,"Population, total",SP.POP.TOTL,58801927
South Asia,SAS,"Death rate, crude (per 1,000 people)",SP.DYN.CDRT.IN,7.16652966188531
South Asia,SAS,"Population, total",SP.POP.TOTL,1882531620
South Asia (IDA & IBRD),TSA,"Death rate, crude (per 1,000 people)",SP.DYN.CDRT.IN,7.16652966188531
South Asia (IDA & IBRD),TSA,"Population, total",SP.POP.TOTL,1882531620
South Sudan,SSD,"Death rate, crude (per 1,000 people)",SP.DYN.CDRT.IN,10.759
South Sudan,SSD,"Population, total",SP.POP.TOTL,10606227
Spain,ESP,"Death rate, crude (per 1,000 people)",SP.DYN.CDRT.IN,10.4
Spain,ESP,"Population, total",SP.POP.TOTL,47365655
Sri Lanka,LKA,"Death rate, crude (per 1,000 people)",SP.DYN.CDRT.IN,7.056
Sri Lanka,LKA,"Population, total",SP.POP.TOTL,21919000
St. Kitts and Nevis,KNA,"Death rate, crude (per 1,000 people)",SP.DYN.CDRT.IN,..
St. Kitts and Nevis,KNA,"Population, total",SP.POP.TOTL,47642
St. Lucia,LCA,"Death rate, crude (per 1,000 people)",SP.DYN.CDRT.IN,8.205
St. Lucia,LCA,"Population, total",SP.POP.TOTL,179237
St. Martin (French part),MAF,"Death rate, crude (per 1,000 people)",SP.DYN.CDRT.IN,4.788
St. Martin (French part),MAF,"Population, total",SP.POP.TOTL,32553
St. Vincent and the Grenadines,VCT,"Death rate, crude (per 1,000 people)",SP.DYN.CDRT.IN,11.038
St. Vincent and the Grenadines,VCT,"Population, total",SP.POP.TOTL,104632
Sub-Saharan Africa,SSF,"Death rate, crude (per 1,000 people)",SP.DYN.CDRT.IN,8.82752287842627
Sub-Saharan Africa,SSF,"Population, total",SP.POP.TOTL,1151301807
Sub-Saharan Africa (excluding high income),SSA,"Death rate, crude (per 1,000 people)",SP.DYN.CDRT.IN,8.82769629171465
Sub-Saharan Africa (excluding high income),SSA,"Population, total",SP.POP.TOTL,1151203345
Sub-Saharan Africa (IDA & IBRD countries),TSS,"Death rate, crude (per 1,000 people)",SP.DYN.CDRT.IN,8.82752287842627
Sub-Saharan Africa (IDA & IBRD countries),TSS,"Population, total",SP.POP.TOTL,1151301807
Sudan,SDN,"Death rate, crude (per 1,000 people)",SP.DYN.CDRT.IN,6.67
Sudan,SDN,"Population, total",SP.POP.TOTL,44440486
Suriname,SUR,"Death rate, crude (per 1,000 people)",SP.DYN.CDRT.IN,7.036
Suriname,SUR,"Population, total",SP.POP.TOTL,607065
Sweden,SWE,"Death rate, crude (per 1,000 people)",SP.DYN.CDRT.IN,9.5
Sweden,SWE,"Population, total",SP.POP.TOTL,10353442
Switzerland,CHE,"Death rate, crude (per 1,000 people)",SP.DYN.CDRT.IN,8.8
Switzerland,CHE,"Population, total",SP.POP.TOTL,8638167
Syrian Arab Republic,SYR,"Death rate, crude (per 1,000 people)",SP.DYN.CDRT.IN,4.99
Syrian Arab Republic,SYR,"Population, total",SP.POP.TOTL,20772595
Tajikistan,TJK,"Death rate, crude (per 1,000 people)",SP.DYN.CDRT.IN,6.121
Tajikistan,TJK,"Population, total",SP.POP.TOTL,9543207
Tanzania,TZA,"Death rate, crude (per 1,000 people)",SP.DYN.CDRT.IN,6.179
Tanzania,TZA,"Population, total",SP.POP.TOTL,61704518
Thailand,THA,"Death rate, crude (per 1,000 people)",SP.DYN.CDRT.IN,7.264
Thailand,THA,"Population, total",SP.POP.TOTL,71475664
Timor-Leste,TLS,"Death rate, crude (per 1,000 people)",SP.DYN.CDRT.IN,6.831
Timor-Leste,TLS,"Population, total",SP.POP.TOTL,1299995
Togo,TGO,"Death rate, crude (per 1,000 people)",SP.DYN.CDRT.IN,8.417
Togo,TGO,"Population, total",SP.POP.TOTL,8442580
Tonga,TON,"Death rate, crude (per 1,000 people)",SP.DYN.CDRT.IN,6.946
Tonga,TON,"Population, total",SP.POP.TOTL,105254
Trinidad and Tobago,TTO,"Death rate, crude (per 1,000 people)",SP.DYN.CDRT.IN,7.9
Trinidad and Tobago,TTO,"Population, total",SP.POP.TOTL,1518147
Tunisia,TUN,"Death rate, crude (per 1,000 people)",SP.DYN.CDRT.IN,6.752
Tunisia,TUN,"Population, total",SP.POP.TOTL,12161723
Turkiye,TUR,"Death rate, crude (per 1,000 people)",SP.DYN.CDRT.IN,6.378
Turkiye,TUR,"Population, total",SP.POP.TOTL,84135428
Turkmenistan,TKM,"Death rate, crude (per 1,000 people)",SP.DYN.CDRT.IN,6.836
Turkmenistan,TKM,"Population, total",SP.POP.TOTL,6250438
Turks and Caicos Islands,TCA,"Death rate, crude (per 1,000 people)",SP.DYN.CDRT.IN,8.823
Turks and Caicos Islands,TCA,"Population, total",SP.POP.TOTL,44276
Tuvalu,TUV,"Death rate, crude (per 1,000 people)",SP.DYN.CDRT.IN,10.188
Tuvalu,TUV,"Population, total",SP.POP.TOTL,11069
Uganda,UGA,"Death rate, crude (per 1,000 people)",SP.DYN.CDRT.IN,5.852
Uganda,UGA,"Population, total",SP.POP.TOTL,44404611
Ukraine,UKR,"Death rate, crude (per 1,000 people)",SP.DYN.CDRT.IN,15.9
Ukraine,UKR,"Population, total",SP.POP.TOTL,44132049
United Arab Emirates,ARE,"Death rate, crude (per 1,000 people)",SP.DYN.CDRT.IN,1.766
United Arab Emirates,ARE,"Population, total",SP.POP.TOTL,9287289
United Kingdom,GBR,"Death rate, crude (per 1,000 people)",SP.DYN.CDRT.IN,10.4
United Kingdom,GBR,"Population, total",SP.POP.TOTL,67081000
United States,USA,"Death rate, crude (per 1,000 people)",SP.DYN.CDRT.IN,10.3
United States,USA,"Population, total",SP.POP.TOTL,331501080
Upper middle income,UMC,"Death rate, crude (per 1,000 people)",SP.DYN.CDRT.IN,7.7696205282535
Upper middle income,UMC,"Population, total",SP.POP.TOTL,2495285443
Uruguay,URY,"Death rate, crude (per 1,000 people)",SP.DYN.CDRT.IN,9.432
Uruguay,URY,"Population, total",SP.POP.TOTL,3429086
Uzbekistan,UZB,"Death rate, crude (per 1,000 people)",SP.DYN.CDRT.IN,5.1
Uzbekistan,UZB,"Population, total",SP.POP.TOTL,34232050
Vanuatu,VUT,"Death rate, crude (per 1,000 people)",SP.DYN.CDRT.IN,5.487
Vanuatu,VUT,"Population, total",SP.POP.TOTL,311685
"Venezuela, RB",VEN,"Death rate, crude (per 1,000 people)",SP.DYN.CDRT.IN,7.575
"Venezuela, RB",VEN,"Population, total",SP.POP.TOTL,28490453
Vietnam,VNM,"Death rate, crude (per 1,000 people)",SP.DYN.CDRT.IN,6.169
Vietnam,VNM,"Population, total",SP.POP.TOTL,96648685
Virgin Islands (U.S.),VIR,"Death rate, crude (per 1,000 people)",SP.DYN.CDRT.IN,8.4
Virgin Islands (U.S.),VIR,"Population, total",SP.POP.TOTL,106290
West Bank and Gaza,PSE,"Death rate, crude (per 1,000 people)",SP.DYN.CDRT.IN,3.489
West Bank and Gaza,PSE,"Population, total",SP.POP.TOTL,4803269
World,WLD,"Death rate, crude (per 1,000 people)",SP.DYN.CDRT.IN,8.03210175657131
World,WLD,"Population, total",SP.POP.TOTL,7820981524
"Yemen, Rep.",YEM,"Death rate, crude (per 1,000 people)",SP.DYN.CDRT.IN,6.509
"Yemen, Rep.",YEM,"Population, total",SP.POP.TOTL,32284046
Zambia,ZMB,"Death rate, crude (per 1,000 people)",SP.DYN.CDRT.IN,6.602
Zambia,ZMB,"Population, total",SP.POP.TOTL,18927715
Zimbabwe,ZWE,"Death rate, crude (per 1,000 people)",SP.DYN.CDRT.IN,8.132
Zimbabwe,ZWE,"Population, total",SP.POP.TOTL,15669666
,,,,
,,,,
,,,,
Data from database: Population estimates and projections,,,,
Last Updated: 12/23/2022,,,,
